filename,true_class
recons_10003.svg,Drag.32
recons_10004.svg,Drag.33
recons_10005.svg,Drag.37
recons_10006.svg,Drag.18_31
recons_10008.svg,Drag.37
recons_10009.svg,Drag.18_31
recons_10011.svg,Drag.33
recons_10012.svg,Drag.32
recons_10014.svg,Drag.33
recons_10015.svg,Drag.18_31
recons_10017.svg,Drag.33
recons_10018.svg,Drag.18_31
recons_10019.svg,Drag.33
recons_10020.svg,Niederbieber33c
recons_10021.svg,Drag.33
recons_10032.svg,Drag.33
recons_10033.svg,Drag.45
recons_10034.svg,Drag.33
recons_10035.svg,Drag.27
recons_10036.svg,Drag.37
recons_10037.svg,Drag.45
recons_10038.svg,Drag.33
recons_10039.svg,Drag.37
recons_10040.svg,Drag.45
recons_10041.svg,Drag.37
recons_10042.svg,Drag.33
recons_10043.svg,Drag.37
recons_10045.svg,Drag.33
recons_10046.svg,Drag.32
recons_10047.svg,Drag.37
recons_10048.svg,Drag.33
recons_10049.svg,Drag.37
recons_10050.svg,Drag.37
recons_10051.svg,Drag.37
recons_10052.svg,Drag.33
recons_10053.svg,Drag.37
recons_10054.svg,Drag.45
recons_10055.svg,Drag.32
recons_10056.svg,Drag.38
recons_10057.svg,Drag.27
recons_10058.svg,Drag.33
recons_10206.svg,Niederbieber89
recons_10225.svg,Niederbieber89
recons_10249.svg,Niederbieber89
recons_10270.svg,Niederbieber89
recons_10277.svg,Niederbieber89
recons_10341.svg,Niederbieber89
recons_10359.svg,Niederbieber89
recons_10214.svg,Niederbieber104
recons_10336.svg,Niederbieber104
recons_10528.svg,Niederbieber104
recons_10611.svg,Niederbieber104
recons_10617.svg,Niederbieber104
recons_10623.svg,Niederbieber104
